-- Seed generato da scripts/genera-seed.cjs — NON modificare a mano.
-- Esegui dopo schema.sql nell'editor SQL di Supabase.

insert into squadre (id, squadra, anno, colore) values
  ('milan-1989-90', 'Milan', '1989-90', '#fb0a18'),
  ('milan-2003-04', 'Milan', '2003-04', '#fb0a18'),
  ('milan-2006-07', 'Milan', '2006-07', '#fb0a18'),
  ('juventus-1985-86', 'Juventus', '1985-86', '#111111'),
  ('juventus-1994-95', 'Juventus', '1994-95', '#111111'),
  ('juventus-2002-03', 'Juventus', '2002-03', '#111111'),
  ('juventus-2017-18', 'Juventus', '2017-18', '#111111'),
  ('inter-1997-98', 'Inter', '1997-98', '#0b1f8f'),
  ('inter-2009-10', 'Inter', '2009-10', '#0b1f8f'),
  ('inter-2020-21', 'Inter', '2020-21', '#0b1f8f'),
  ('napoli-1986-87', 'Napoli', '1986-87', '#12a0d7'),
  ('napoli-1989-90', 'Napoli', '1989-90', '#12a0d7'),
  ('napoli-2022-23', 'Napoli', '2022-23', '#12a0d7'),
  ('roma-1982-83', 'Roma', '1982-83', '#8e1b2e'),
  ('roma-2000-01', 'Roma', '2000-01', '#8e1b2e'),
  ('lazio-1999-00', 'Lazio', '1999-00', '#88c7eb'),
  ('sampdoria-1990-91', 'Sampdoria', '1990-91', '#0a3d8f'),
  ('parma-1998-99', 'Parma', '1998-99', '#f6c800'),
  ('fiorentina-1998-99', 'Fiorentina', '1998-99', '#7b2bbd'),
  ('verona-1984-85', 'Hellas Verona', '1984-85', '#1b5e9b')
on conflict (id) do nothing;

insert into giocatori (squadra_id, nome, cognome, ruolo, overall) values
  ('milan-1989-90', 'Giovanni', 'Galli', 'P', 85),
  ('milan-1989-90', 'Andrea', 'Pazzagli', 'P', 74),
  ('milan-1989-90', 'Franco', 'Baresi', 'D', 92),
  ('milan-1989-90', 'Paolo', 'Maldini', 'D', 88),
  ('milan-1989-90', 'Mauro', 'Tassotti', 'D', 82),
  ('milan-1989-90', 'Alessandro', 'Costacurta', 'D', 83),
  ('milan-1989-90', 'Filippo', 'Galli', 'D', 79),
  ('milan-1989-90', 'Frank', 'Rijkaard', 'C', 90),
  ('milan-1989-90', 'Carlo', 'Ancelotti', 'C', 84),
  ('milan-1989-90', 'Roberto', 'Donadoni', 'C', 85),
  ('milan-1989-90', 'Alberigo', 'Evani', 'C', 79),
  ('milan-1989-90', 'Angelo', 'Colombo', 'C', 76),
  ('milan-1989-90', 'Marco', 'van Basten', 'A', 94),
  ('milan-1989-90', 'Ruud', 'Gullit', 'A', 92),
  ('milan-1989-90', 'Daniele', 'Massaro', 'A', 80),
  ('milan-1989-90', 'Pietro Paolo', 'Virdis', 'A', 78),
  ('milan-2003-04', 'Dida', '', 'P', 85),
  ('milan-2003-04', 'Christian', 'Abbiati', 'P', 79),
  ('milan-2003-04', 'Paolo', 'Maldini', 'D', 87),
  ('milan-2003-04', 'Alessandro', 'Nesta', 'D', 88),
  ('milan-2003-04', 'Cafu', '', 'D', 84),
  ('milan-2003-04', 'Jaap', 'Stam', 'D', 84),
  ('milan-2003-04', 'Kakha', 'Kaladze', 'D', 79),
  ('milan-2003-04', 'Alessandro', 'Costacurta', 'D', 78),
  ('milan-2003-04', 'Andrea', 'Pirlo', 'C', 87),
  ('milan-2003-04', 'Clarence', 'Seedorf', 'C', 86),
  ('milan-2003-04', 'Gennaro', 'Gattuso', 'C', 83),
  ('milan-2003-04', 'Manuel', 'Rui Costa', 'C', 84),
  ('milan-2003-04', 'Massimo', 'Ambrosini', 'C', 80),
  ('milan-2003-04', 'Andriy', 'Shevchenko', 'A', 92),
  ('milan-2003-04', 'Kaká', '', 'A', 88),
  ('milan-2003-04', 'Filippo', 'Inzaghi', 'A', 84),
  ('milan-2003-04', 'Jon Dahl', 'Tomasson', 'A', 80),
  ('milan-2006-07', 'Dida', '', 'P', 84),
  ('milan-2006-07', 'Zeljko', 'Kalac', 'P', 73),
  ('milan-2006-07', 'Paolo', 'Maldini', 'D', 85),
  ('milan-2006-07', 'Alessandro', 'Nesta', 'D', 88),
  ('milan-2006-07', 'Cafu', '', 'D', 83),
  ('milan-2006-07', 'Marek', 'Jankulovski', 'D', 80),
  ('milan-2006-07', 'Massimo', 'Oddo', 'D', 80),
  ('milan-2006-07', 'Kakha', 'Kaladze', 'D', 79),
  ('milan-2006-07', 'Andrea', 'Pirlo', 'C', 89),
  ('milan-2006-07', 'Kaká', '', 'C', 92),
  ('milan-2006-07', 'Clarence', 'Seedorf', 'C', 87),
  ('milan-2006-07', 'Gennaro', 'Gattuso', 'C', 84),
  ('milan-2006-07', 'Massimo', 'Ambrosini', 'C', 81),
  ('milan-2006-07', 'Filippo', 'Inzaghi', 'A', 84),
  ('milan-2006-07', 'Alberto', 'Gilardino', 'A', 82),
  ('milan-2006-07', 'Ricardo', 'Oliveira', 'A', 78),
  ('juventus-1985-86', 'Stefano', 'Tacconi', 'P', 82),
  ('juventus-1985-86', 'Luciano', 'Bodini', 'P', 70),
  ('juventus-1985-86', 'Gaetano', 'Scirea', 'D', 86),
  ('juventus-1985-86', 'Antonio', 'Cabrini', 'D', 83),
  ('juventus-1985-86', 'Sergio', 'Brio', 'D', 79),
  ('juventus-1985-86', 'Luciano', 'Favero', 'D', 76),
  ('juventus-1985-86', 'Nicola', 'Caricola', 'D', 73),
  ('juventus-1985-86', 'Michel', 'Platini', 'C', 94),
  ('juventus-1985-86', 'Marco', 'Tardelli', 'C', 84),
  ('juventus-1985-86', 'Massimo', 'Bonini', 'C', 80),
  ('juventus-1985-86', 'Lionello', 'Manfredonia', 'C', 78),
  ('juventus-1985-86', 'Beniamino', 'Vignola', 'C', 76),
  ('juventus-1985-86', 'Zbigniew', 'Boniek', 'A', 86),
  ('juventus-1985-86', 'Michael', 'Laudrup', 'A', 82),
  ('juventus-1985-86', 'Aldo', 'Serena', 'A', 80),
  ('juventus-1985-86', 'Massimo', 'Briaschi', 'A', 77),
  ('juventus-1994-95', 'Angelo', 'Peruzzi', 'P', 86),
  ('juventus-1994-95', 'Michelangelo', 'Rampulla', 'P', 72),
  ('juventus-1994-95', 'Ciro', 'Ferrara', 'D', 84),
  ('juventus-1994-95', 'Pietro', 'Vierchowod', 'D', 82),
  ('juventus-1994-95', 'Moreno', 'Torricelli', 'D', 78),
  ('juventus-1994-95', 'Sergio', 'Porrini', 'D', 77),
  ('juventus-1994-95', 'Luca', 'Fusi', 'D', 75),
  ('juventus-1994-95', 'Antonio', 'Conte', 'C', 82),
  ('juventus-1994-95', 'Didier', 'Deschamps', 'C', 84),
  ('juventus-1994-95', 'Paulo', 'Sousa', 'C', 84),
  ('juventus-1994-95', 'Angelo', 'Di Livio', 'C', 78),
  ('juventus-1994-95', 'Andrea', 'Fortunato', 'C', 76),
  ('juventus-1994-95', 'Alessio', 'Tacchinardi', 'C', 73),
  ('juventus-1994-95', 'Roberto', 'Baggio', 'A', 91),
  ('juventus-1994-95', 'Gianluca', 'Vialli', 'A', 88),
  ('juventus-1994-95', 'Fabrizio', 'Ravanelli', 'A', 84),
  ('juventus-1994-95', 'Alessandro', 'Del Piero', 'A', 80),
  ('juventus-2002-03', 'Gianluigi', 'Buffon', 'P', 89),
  ('juventus-2002-03', 'Antonio', 'Chimenti', 'P', 70),
  ('juventus-2002-03', 'Lilian', 'Thuram', 'D', 87),
  ('juventus-2002-03', 'Paolo', 'Montero', 'D', 83),
  ('juventus-2002-03', 'Gianluca', 'Zambrotta', 'D', 84),
  ('juventus-2002-03', 'Ciro', 'Ferrara', 'D', 82),
  ('juventus-2002-03', 'Igor', 'Tudor', 'D', 80),
  ('juventus-2002-03', 'Mark', 'Iuliano', 'D', 78),
  ('juventus-2002-03', 'Pavel', 'Nedvěd', 'C', 89),
  ('juventus-2002-03', 'Edgar', 'Davids', 'C', 85),
  ('juventus-2002-03', 'Mauro', 'Camoranesi', 'C', 82),
  ('juventus-2002-03', 'Alessio', 'Tacchinardi', 'C', 80),
  ('juventus-2002-03', 'Antonio', 'Conte', 'C', 79),
  ('juventus-2002-03', 'Alessandro', 'Del Piero', 'A', 88),
  ('juventus-2002-03', 'David', 'Trezeguet', 'A', 86),
  ('juventus-2002-03', 'Marcelo', 'Salas', 'A', 80),
  ('juventus-2002-03', 'Marco', 'Di Vaio', 'A', 80),
  ('juventus-2017-18', 'Gianluigi', 'Buffon', 'P', 89),
  ('juventus-2017-18', 'Wojciech', 'Szczęsny', 'P', 84),
  ('juventus-2017-18', 'Giorgio', 'Chiellini', 'D', 89),
  ('juventus-2017-18', 'Andrea', 'Barzagli', 'D', 84),
  ('juventus-2017-18', 'Medhi', 'Benatia', 'D', 84),
  ('juventus-2017-18', 'Alex', 'Sandro', 'D', 84),
  ('juventus-2017-18', 'Mattia', 'De Sciglio', 'D', 80),
  ('juventus-2017-18', 'Stephan', 'Lichtsteiner', 'D', 80),
  ('juventus-2017-18', 'Miralem', 'Pjanić', 'C', 85),
  ('juventus-2017-18', 'Sami', 'Khedira', 'C', 84),
  ('juventus-2017-18', 'Blaise', 'Matuidi', 'C', 83),
  ('juventus-2017-18', 'Claudio', 'Marchisio', 'C', 81),
  ('juventus-2017-18', 'Rodrigo', 'Bentancur', 'C', 76),
  ('juventus-2017-18', 'Paulo', 'Dybala', 'A', 88),
  ('juventus-2017-18', 'Gonzalo', 'Higuaín', 'A', 88),
  ('juventus-2017-18', 'Mario', 'Mandžukić', 'A', 84),
  ('juventus-2017-18', 'Douglas', 'Costa', 'A', 84),
  ('inter-1997-98', 'Gianluca', 'Pagliuca', 'P', 84),
  ('inter-1997-98', 'Fabrizio', 'Fontana', 'P', 70),
  ('inter-1997-98', 'Giuseppe', 'Bergomi', 'D', 82),
  ('inter-1997-98', 'Taribo', 'West', 'D', 79),
  ('inter-1997-98', 'Aron', 'Winter', 'D', 80),
  ('inter-1997-98', 'Francesco', 'Colonnese', 'D', 77),
  ('inter-1997-98', 'Salvatore', 'Fresi', 'D', 76),
  ('inter-1997-98', 'Fabio', 'Galante', 'D', 76),
  ('inter-1997-98', 'Javier', 'Zanetti', 'C', 86),
  ('inter-1997-98', 'Youri', 'Djorkaeff', 'C', 86),
  ('inter-1997-98', 'Diego', 'Simeone', 'C', 84),
  ('inter-1997-98', 'Benoît', 'Cauet', 'C', 78),
  ('inter-1997-98', 'Ronaldo', '', 'A', 95),
  ('inter-1997-98', 'Iván', 'Zamorano', 'A', 84),
  ('inter-1997-98', 'Maurizio', 'Ganz', 'A', 76),
  ('inter-1997-98', 'Nicola', 'Ventola', 'A', 74),
  ('inter-2009-10', 'Júlio', 'César', 'P', 88),
  ('inter-2009-10', 'Francesco', 'Toldo', 'P', 78),
  ('inter-2009-10', 'Maicon', '', 'D', 87),
  ('inter-2009-10', 'Lúcio', '', 'D', 85),
  ('inter-2009-10', 'Walter', 'Samuel', 'D', 84),
  ('inter-2009-10', 'Javier', 'Zanetti', 'D', 86),
  ('inter-2009-10', 'Cristian', 'Chivu', 'D', 80),
  ('inter-2009-10', 'Marco', 'Materazzi', 'D', 79),
  ('inter-2009-10', 'Wesley', 'Sneijder', 'C', 88),
  ('inter-2009-10', 'Esteban', 'Cambiasso', 'C', 85),
  ('inter-2009-10', 'Thiago', 'Motta', 'C', 82),
  ('inter-2009-10', 'Dejan', 'Stanković', 'C', 82),
  ('inter-2009-10', 'McDonald', 'Mariga', 'C', 74),
  ('inter-2009-10', 'Samuel', 'Eto''o', 'A', 90),
  ('inter-2009-10', 'Diego', 'Milito', 'A', 87),
  ('inter-2009-10', 'Goran', 'Pandev', 'A', 80),
  ('inter-2009-10', 'Mario', 'Balotelli', 'A', 79),
  ('inter-2020-21', 'Samir', 'Handanović', 'P', 83),
  ('inter-2020-21', 'Ionuț', 'Radu', 'P', 71),
  ('inter-2020-21', 'Stefan', 'de Vrij', 'D', 85),
  ('inter-2020-21', 'Milan', 'Škriniar', 'D', 84),
  ('inter-2020-21', 'Alessandro', 'Bastoni', 'D', 83),
  ('inter-2020-21', 'Achraf', 'Hakimi', 'D', 84),
  ('inter-2020-21', 'Aleksandar', 'Kolarov', 'D', 78),
  ('inter-2020-21', 'Danilo', 'D''Ambrosio', 'D', 78),
  ('inter-2020-21', 'Nicolò', 'Barella', 'C', 85),
  ('inter-2020-21', 'Marcelo', 'Brozović', 'C', 84),
  ('inter-2020-21', 'Ivan', 'Perišić', 'C', 82),
  ('inter-2020-21', 'Christian', 'Eriksen', 'C', 83),
  ('inter-2020-21', 'Arturo', 'Vidal', 'C', 80),
  ('inter-2020-21', 'Romelu', 'Lukaku', 'A', 88),
  ('inter-2020-21', 'Lautaro', 'Martínez', 'A', 85),
  ('inter-2020-21', 'Alexis', 'Sánchez', 'A', 81),
  ('napoli-1986-87', 'Claudio', 'Garella', 'P', 80),
  ('napoli-1986-87', 'Raffaele', 'Di Fusco', 'P', 70),
  ('napoli-1986-87', 'Ciro', 'Ferrara', 'D', 80),
  ('napoli-1986-87', 'Alessandro', 'Renica', 'D', 79),
  ('napoli-1986-87', 'Moreno', 'Ferrario', 'D', 76),
  ('napoli-1986-87', 'Giovanni', 'Francini', 'D', 76),
  ('napoli-1986-87', 'Tebaldo', 'Bigliardi', 'D', 73),
  ('napoli-1986-87', 'Fernando', 'De Napoli', 'C', 81),
  ('napoli-1986-87', 'Salvatore', 'Bagni', 'C', 80),
  ('napoli-1986-87', 'Francesco', 'Romano', 'C', 76),
  ('napoli-1986-87', 'Eraldo', 'Pecci', 'C', 76),
  ('napoli-1986-87', 'Diego', 'Maradona', 'A', 97),
  ('napoli-1986-87', 'Bruno', 'Giordano', 'A', 82),
  ('napoli-1986-87', 'Andrea', 'Carnevale', 'A', 80),
  ('napoli-1989-90', 'Giuliano', 'Giuliani', 'P', 79),
  ('napoli-1989-90', 'Pino', 'Taglialatela', 'P', 71),
  ('napoli-1989-90', 'Ciro', 'Ferrara', 'D', 83),
  ('napoli-1989-90', 'Alessandro', 'Renica', 'D', 79),
  ('napoli-1989-90', 'Giovanni', 'Francini', 'D', 77),
  ('napoli-1989-90', 'Giancarlo', 'Corradini', 'D', 75),
  ('napoli-1989-90', 'Tebaldo', 'Bigliardi', 'D', 73),
  ('napoli-1989-90', 'Alemão', '', 'C', 84),
  ('napoli-1989-90', 'Fernando', 'De Napoli', 'C', 82),
  ('napoli-1989-90', 'Massimo', 'Crippa', 'C', 79),
  ('napoli-1989-90', 'Luca', 'Fusi', 'C', 76),
  ('napoli-1989-90', 'Diego', 'Maradona', 'A', 96),
  ('napoli-1989-90', 'Careca', '', 'A', 89),
  ('napoli-1989-90', 'Andrea', 'Carnevale', 'A', 80),
  ('napoli-1989-90', 'Gianfranco', 'Zola', 'A', 76),
  ('napoli-2022-23', 'Alex', 'Meret', 'P', 82),
  ('napoli-2022-23', 'Pierluigi', 'Gollini', 'P', 73),
  ('napoli-2022-23', 'Kim', 'Min-jae', 'D', 85),
  ('napoli-2022-23', 'Giovanni', 'Di Lorenzo', 'D', 83),
  ('napoli-2022-23', 'Amir', 'Rrahmani', 'D', 81),
  ('napoli-2022-23', 'Mário', 'Rui', 'D', 79),
  ('napoli-2022-23', 'Mathías', 'Olivera', 'D', 79),
  ('napoli-2022-23', 'Juan', 'Jesus', 'D', 76),
  ('napoli-2022-23', 'Stanislav', 'Lobotka', 'C', 84),
  ('napoli-2022-23', 'Frank', 'Anguissa', 'C', 84),
  ('napoli-2022-23', 'Piotr', 'Zieliński', 'C', 83),
  ('napoli-2022-23', 'Eljif', 'Elmas', 'C', 78),
  ('napoli-2022-23', 'Victor', 'Osimhen', 'A', 88),
  ('napoli-2022-23', 'Khvicha', 'Kvaratskhelia', 'A', 87),
  ('napoli-2022-23', 'Hirving', 'Lozano', 'A', 81),
  ('napoli-2022-23', 'Matteo', 'Politano', 'A', 80),
  ('napoli-2022-23', 'Giacomo', 'Raspadori', 'A', 79),
  ('roma-1982-83', 'Franco', 'Tancredi', 'P', 80),
  ('roma-1982-83', 'Maurizio', 'Tancredi', 'P', 70),
  ('roma-1982-83', 'Pietro', 'Vierchowod', 'D', 81),
  ('roma-1982-83', 'Sebastiano', 'Nela', 'D', 78),
  ('roma-1982-83', 'Dario', 'Bonetti', 'D', 76),
  ('roma-1982-83', 'Michele', 'Nappi', 'D', 74),
  ('roma-1982-83', 'Ubaldo', 'Righetti', 'D', 74),
  ('roma-1982-83', 'Falcão', '', 'C', 90),
  ('roma-1982-83', 'Bruno', 'Conti', 'C', 86),
  ('roma-1982-83', 'Agostino', 'Di Bartolomei', 'C', 82),
  ('roma-1982-83', 'Carlo', 'Ancelotti', 'C', 80),
  ('roma-1982-83', 'Odoacre', 'Chierico', 'C', 74),
  ('roma-1982-83', 'Roberto', 'Pruzzo', 'A', 84),
  ('roma-1982-83', 'Francesco', 'Graziani', 'A', 79),
  ('roma-1982-83', 'Maurizio', 'Iorio', 'A', 72),
  ('roma-2000-01', 'Francesco', 'Antonioli', 'P', 81),
  ('roma-2000-01', 'Cristiano', 'Lupatelli', 'P', 72),
  ('roma-2000-01', 'Cafu', '', 'D', 85),
  ('roma-2000-01', 'Walter', 'Samuel', 'D', 84),
  ('roma-2000-01', 'Aldair', '', 'D', 83),
  ('roma-2000-01', 'Vincent', 'Candela', 'D', 82),
  ('roma-2000-01', 'Jonathan', 'Zebina', 'D', 78),
  ('roma-2000-01', 'Emerson', '', 'C', 84),
  ('roma-2000-01', 'Damiano', 'Tommasi', 'C', 81),
  ('roma-2000-01', 'Hidetoshi', 'Nakata', 'C', 80),
  ('roma-2000-01', 'Cristiano', 'Zanetti', 'C', 79),
  ('roma-2000-01', 'Marcos', 'Assunção', 'C', 79),
  ('roma-2000-01', 'Francesco', 'Totti', 'A', 90),
  ('roma-2000-01', 'Gabriel', 'Batistuta', 'A', 89),
  ('roma-2000-01', 'Vincenzo', 'Montella', 'A', 84),
  ('roma-2000-01', 'Marco', 'Delvecchio', 'A', 80),
  ('lazio-1999-00', 'Angelo', 'Peruzzi', 'P', 86),
  ('lazio-1999-00', 'Luca', 'Marchegiani', 'P', 79),
  ('lazio-1999-00', 'Alessandro', 'Nesta', 'D', 87),
  ('lazio-1999-00', 'Siniša', 'Mihajlović', 'D', 84),
  ('lazio-1999-00', 'Fernando', 'Couto', 'D', 82),
  ('lazio-1999-00', 'Giuseppe', 'Pancaro', 'D', 80),
  ('lazio-1999-00', 'Giuseppe', 'Favalli', 'D', 80),
  ('lazio-1999-00', 'Paolo', 'Negro', 'D', 79),
  ('lazio-1999-00', 'Juan Sebastián', 'Verón', 'C', 88),
  ('lazio-1999-00', 'Pavel', 'Nedvěd', 'C', 87),
  ('lazio-1999-00', 'Diego', 'Simeone', 'C', 83),
  ('lazio-1999-00', 'Sérgio', 'Conceição', 'C', 82),
  ('lazio-1999-00', 'Dejan', 'Stanković', 'C', 81),
  ('lazio-1999-00', 'Marcelo', 'Salas', 'A', 84),
  ('lazio-1999-00', 'Alen', 'Bokšić', 'A', 82),
  ('lazio-1999-00', 'Roberto', 'Mancini', 'A', 80),
  ('lazio-1999-00', 'Simone', 'Inzaghi', 'A', 79),
  ('sampdoria-1990-91', 'Gianluca', 'Pagliuca', 'P', 84),
  ('sampdoria-1990-91', 'Giulio', 'Nuciari', 'P', 70),
  ('sampdoria-1990-91', 'Pietro', 'Vierchowod', 'D', 84),
  ('sampdoria-1990-91', 'Luca', 'Pellegrini', 'D', 78),
  ('sampdoria-1990-91', 'Moreno', 'Mannini', 'D', 77),
  ('sampdoria-1990-91', 'Marco', 'Lanna', 'D', 75),
  ('sampdoria-1990-91', 'Amedeo', 'Carboni', 'D', 76),
  ('sampdoria-1990-91', 'Toninho', 'Cerezo', 'C', 83),
  ('sampdoria-1990-91', 'Attilio', 'Lombardo', 'C', 82),
  ('sampdoria-1990-91', 'Srečko', 'Katanec', 'C', 79),
  ('sampdoria-1990-91', 'Fausto', 'Pari', 'C', 76),
  ('sampdoria-1990-91', 'Giovanni', 'Invernizzi', 'C', 74),
  ('sampdoria-1990-91', 'Gianluca', 'Vialli', 'A', 88),
  ('sampdoria-1990-91', 'Roberto', 'Mancini', 'A', 87),
  ('sampdoria-1990-91', 'Marco', 'Branca', 'A', 76),
  ('parma-1998-99', 'Gianluigi', 'Buffon', 'P', 86),
  ('parma-1998-99', 'Marco', 'Ballotta', 'P', 72),
  ('parma-1998-99', 'Lilian', 'Thuram', 'D', 86),
  ('parma-1998-99', 'Fabio', 'Cannavaro', 'D', 85),
  ('parma-1998-99', 'Néstor', 'Sensini', 'D', 81),
  ('parma-1998-99', 'Antonio', 'Benarrivo', 'D', 78),
  ('parma-1998-99', 'Roberto', 'Mussi', 'D', 76),
  ('parma-1998-99', 'Juan Sebastián', 'Verón', 'C', 86),
  ('parma-1998-99', 'Dino', 'Baggio', 'C', 82),
  ('parma-1998-99', 'Diego', 'Fuser', 'C', 81),
  ('parma-1998-99', 'Stefano', 'Fiore', 'C', 78),
  ('parma-1998-99', 'Alain', 'Boghossian', 'C', 78),
  ('parma-1998-99', 'Hernán', 'Crespo', 'A', 86),
  ('parma-1998-99', 'Enrico', 'Chiesa', 'A', 83),
  ('parma-1998-99', 'Abel', 'Balbo', 'A', 81),
  ('parma-1998-99', 'Marco', 'Di Vaio', 'A', 77),
  ('fiorentina-1998-99', 'Francesco', 'Toldo', 'P', 84),
  ('fiorentina-1998-99', 'Gianmatteo', 'Mareggini', 'P', 70),
  ('fiorentina-1998-99', 'Tomáš', 'Řepka', 'D', 79),
  ('fiorentina-1998-99', 'Moreno', 'Torricelli', 'D', 78),
  ('fiorentina-1998-99', 'Daniele', 'Adani', 'D', 76),
  ('fiorentina-1998-99', 'Pasquale', 'Padalino', 'D', 75),
  ('fiorentina-1998-99', 'Aldo', 'Firicano', 'D', 74),
  ('fiorentina-1998-99', 'Rui', 'Costa', 'C', 88),
  ('fiorentina-1998-99', 'Guillermo', 'Amor', 'C', 79),
  ('fiorentina-1998-99', 'Angelo', 'Di Livio', 'C', 78),
  ('fiorentina-1998-99', 'Christian', 'Amoroso', 'C', 75),
  ('fiorentina-1998-99', 'Emiliano', 'Bigica', 'C', 72),
  ('fiorentina-1998-99', 'Gabriel', 'Batistuta', 'A', 90),
  ('fiorentina-1998-99', 'Edmundo', '', 'A', 84),
  ('fiorentina-1998-99', 'Luís', 'Oliveira', 'A', 78),
  ('verona-1984-85', 'Claudio', 'Garella', 'P', 79),
  ('verona-1984-85', 'Giuliano', 'Giuliani', 'P', 71),
  ('verona-1984-85', 'Hans-Peter', 'Briegel', 'D', 82),
  ('verona-1984-85', 'Roberto', 'Tricella', 'D', 79),
  ('verona-1984-85', 'Luciano', 'Marangon', 'D', 75),
  ('verona-1984-85', 'Mauro', 'Ferroni', 'D', 74),
  ('verona-1984-85', 'Silvano', 'Fontolan', 'D', 73),
  ('verona-1984-85', 'Antonio', 'Di Gennaro', 'C', 80),
  ('verona-1984-85', 'Pietro', 'Fanna', 'C', 77),
  ('verona-1984-85', 'Domenico', 'Volpati', 'C', 75),
  ('verona-1984-85', 'Luciano', 'Bruni', 'C', 73),
  ('verona-1984-85', 'Sergio', 'Sacchetti', 'C', 72),
  ('verona-1984-85', 'Preben', 'Elkjær', 'A', 86),
  ('verona-1984-85', 'Giuseppe', 'Galderisi', 'A', 80),
  ('verona-1984-85', 'Domenico', 'Turchetta', 'A', 72);

insert into allenatori (nome, cognome, overall) values
  ('Arrigo', 'Sacchi', 92),
  ('José', 'Mourinho', 92),
  ('Fabio', 'Capello', 91),
  ('Marcello', 'Lippi', 91),
  ('Giovanni', 'Trapattoni', 90),
  ('Carlo', 'Ancelotti', 90),
  ('Helenio', 'Herrera', 89),
  ('Antonio', 'Conte', 88),
  ('Massimiliano', 'Allegri', 87),
  ('Luciano', 'Spalletti', 86),
  ('Nils', 'Liedholm', 85),
  ('Roberto', 'Mancini', 85),
  ('Maurizio', 'Sarri', 84),
  ('Vujadin', 'Boškov', 84),
  ('Sven-Göran', 'Eriksson', 84),
  ('Gian Piero', 'Gasperini', 84),
  ('Claudio', 'Ranieri', 82),
  ('Osvaldo', 'Bagnoli', 82),
  ('Nevio', 'Scala', 82),
  ('Alberto', 'Zaccheroni', 81),
  ('Ottavio', 'Bianchi', 80),
  ('Zdeněk', 'Zeman', 80);
